{"name":"informatics-edu_metabolic-syndrome-prediction","title":"Metabolic Syndrome Prediction","description":"To predict metabolic syndrome, yes or not based on common risk factors\n\nThe dataset for analysis came from the [NHANES](https://www.cdc.gov/nchs/nhanes/index.htm) initiative where the following variables were combined from multiple tables with SQL: abnormal waist circumference, triglycerides above 150, HDL cholesterol below 50 in women or 40 in men, history of hypertension and mildly elevated fasting blood sugar (100-125). Numerous other variables were added, such as uric acid, race, income, etc. that might contribute to the model but we will not sure, until we test the model.","homepage":"https://data.world/informatics-edu/metabolic-syndrome-prediction","resources":[{"name":"metabolic_syndrome","schema":{"fields":[{"name":"seqn","title":"seqn","type":"integer","rdfType":"http://www.w3.org/2001/XMLSchema#integer","dwSourceId":"seqn"},{"name":"age","title":"Age","type":"integer","rdfType":"http://www.w3.org/2001/XMLSchema#integer","dwSourceId":"age"},{"name":"sex","title":"Sex","type":"string","rdfType":"http://www.w3.org/2001/XMLSchema#string","dwSourceId":"sex"},{"name":"marital","title":"Marital","type":"string","rdfType":"http://www.w3.org/2001/XMLSchema#string","dwSourceId":"marital"},{"name":"income","title":"Income","type":"integer","rdfType":"http://www.w3.org/2001/XMLSchema#integer","dwSourceId":"income"},{"name":"race","title":"Race","type":"string","rdfType":"http://www.w3.org/2001/XMLSchema#string","dwSourceId":"race"},{"name":"waistcirc","title":"WaistCirc","type":"number","rdfType":"http://www.w3.org/2001/XMLSchema#decimal","dwSourceId":"waistcirc"},{"name":"bmi","title":"BMI","type":"number","rdfType":"http://www.w3.org/2001/XMLSchema#decimal","dwSourceId":"bmi"},{"name":"albuminuria","title":"Albuminuria","type":"integer","rdfType":"http://www.w3.org/2001/XMLSchema#integer","dwSourceId":"albuminuria"},{"name":"uralbcr","title":"UrAlbCr","type":"number","rdfType":"http://www.w3.org/2001/XMLSchema#decimal","dwSourceId":"uralbcr"},{"name":"uricacid","title":"UricAcid","type":"number","rdfType":"http://www.w3.org/2001/XMLSchema#decimal","dwSourceId":"uricacid"},{"name":"bloodglucose","title":"BloodGlucose","type":"integer","rdfType":"http://www.w3.org/2001/XMLSchema#integer","dwSourceId":"bloodglucose"},{"name":"hdl","title":"HDL","type":"integer","rdfType":"http://www.w3.org/2001/XMLSchema#integer","dwSourceId":"hdl"},{"name":"triglycerides","title":"Triglycerides","type":"integer","rdfType":"http://www.w3.org/2001/XMLSchema#integer","dwSourceId":"triglycerides"},{"name":"metabolicsyndrome","title":"MetabolicSyndrome","type":"string","rdfType":"http://www.w3.org/2001/XMLSchema#string","dwSourceId":"metabolicsyndrome"}]},"path":"data/metabolic_syndrome.csv","format":"csv"},{"name":"original/Metabolic  Syndrome.csv","path":"original/Metabolic  Syndrome.csv","format":"csv","mediatype":"text/csv","bytes":179630}]}